
{
    "images": {
        "title": {
            "image" : "mainmenu:modpack.png",
            "posX" : -110,
            "posY" : 5,
            "width" : 211,
            "height" : 111,
            "alignment" : "top_center"
        }
    },
    "buttons":
    {
        "singleplayer": {
            "text" : "menu.singleplayer",
            "posX" : -100,
            "posY" : 46,
            "width" : 200,
            "height" : 20,
            "action" : {
                "type": "openGui",
                "gui": "singleplayer"
            }
        },
        "multiplayer": {
            "text" : "menu.multiplayer",
            "posX" : -100,
            "posY" : 71,
            "width" : 200,
            "height" : 20,
            "action" : {
                "type": "openGui",
                "gui": "multiplayer"
            }
        },
        "nodecraft": {
            "text" : "Create Server",
            "posX" : 105,
            "posY" : 71,
            "width" : 100,
            "height" : 20,
            "action" : {
                "type" : "openLink",
                "link": "https://nodecraft.com/r/donutcraft"
            }

        },
        "mods": {
            "text" : "Mods",
            "posX" : -100,
            "posY" : 96,
            "width" : 200,
            "height" : 20,
            "action" : {
                "type" : "openGui",
                "gui" : "mods"
            }
        },
        "options": {
            "text" : "menu.options",
            "posX" : -100,
            "posY" : 132,
            "width" : 98,
            "height" : 20,
            "action" : {
                "type" : "openGui",
                "gui" : "options"
            }
        },
        "quit": {
            "text" : "menu.quit",
            "posX" : 2,
            "posY" : 132,
            "width" : 98,
            "height" : 20,
            "action" : {
                "type" : "quit"
            }
        },
        "language": {
            "text" : "",
            "posX" : -124,
            "posY" : 132,
            "width" : 20,
            "height" : 20,
            "action" : {
                "type" : "openGui",
                "gui" : "languages"
            }
        }
    },
    "labels": {
        "donutcraft": {
            "text" : "DonutCraft 1.0.0c",
            "posX" : 2,
            "posY" : -20,
            "color" : -1,
            "alignment" : "bottom_left"
        },
        "donutcraft_author": {
            "text" : "curated by DoughnutDev and Friends",
            "posX" : 2,
            "posY" : -10,
            "color" : -1,
            "alignment" : "bottom_left"
        },
        "mojang": {
            "text" : "",
            "posX" : -197,
            "posY" : -10,
            "color" : -1,
            "alignment" : "bottom_right"
        },
        "forge_info": {
            "text" : "",
            "posX" : -96,
            "posY" : -20,
            "color" : -1,
            "alignment" : "bottom_right"
        },
        "minecraft_info": {
            "text" : "",
            "posX" : -73,
            "posY" : -30,
            "color" : -1,
            "alignment" : "bottom_right"
        }
    },
    "other": {
		"background":
		{
			"image" : "mainmenu:background.png",
			"mode" : "fill"
		}
    }
}
