{
  "oasis": 102,
  "woodland": 98,
  "shrubland": 89,
  "xeric_shrubland": 99,
  "tropical_rainforest": 94,
  "fen": 62,
  "steppe": 92,
  "bayou": 50,
  "phantasmagoric_inferno": 112,
  "overgrown_cliffs": 81,
  "highland": 67,
  "volcanic_island": 108,
  "quagmire": 83,
  "marsh": 73,
  "chaparral": 54,
  "flower_island": 109,
  "flower_field": 63,
  "wetland": 97,
  "mystic_grove": 77,
  "cold_desert": 56,
  "mountain_foothills": 100,
  "maple_woods": 72,
  "coral_reef": 103,
  "orchard": 79,
  "moor": 75,
  "land_of_lakes": 68,
  "bog": 51,
  "coniferous_forest": 57,
  "eucalyptus_forest": 61,
  "outback": 80,
  "shield": 88,
  "alps": 48,
  "wasteland": 96,
  "lush_desert": 70,
  "mangrove": 105,
  "boreal_forest": 52,
  "redwood_forest": 85,
  "cherry_blossom_grove": 55,
  "visceral_heap": 115,
  "snowy_forest": 91,
  "seasonal_forest": 87,
  "temperate_rainforest": 93,
  "dead_forest": 59,
  "bamboo_forest": 49,
  "corrupted_sands": 110,
  "dead_swamp": 60,
  "kelp_forest": 104,
  "heathland": 66,
  "glacier": 101,
  "meadow": 74,
  "lush_swamp": 71,
  "polar_chasm": 113,
  "mountain_peaks": 76,
  "fungi_forest": 111,
  "tropical_island": 107,
  "grassland": 64,
  "prairie": 82,
  "snowy_coniferous_forest": 90,
  "tundra": 95,
  "undergarden": 114,
  "origin_island": 106,
  "gravel_beach": 47,
  "grove": 65,
  "lavender_fields": 69,
  "rainforest": 84,
  "sacred_springs": 86,
  "crag": 58,
  "brushland": 53,
  "ominous_woods": 78
}